{
    "ADC": {
        "Blue#KR33": {
            "combat_effectiveness": 0.6652581457058002,
            "team_contribution": 0.4921766128934291,
            "resource_efficiency": 0.842749653260237,
            "vision_awareness": 0.7807615228415515,
            "consistency": 0.9002179192770614,
            "archetype_id": 4,
            "archetype_similarity": 0.9887955334302353,
            "archetype_name": "The Field General"
        },
        "Doublelift#NA01": {
            "combat_effectiveness": 0.6373543200180678,
            "team_contribution": 0.5112791037258462,
            "resource_efficiency": 0.8384259889606855,
            "vision_awareness": 0.5836729842449746,
            "consistency": 0.8943837486358939,
            "archetype_id": 3,
            "archetype_similarity": 0.9984975520602505,
            "archetype_name": "The Mechanical Specialist"
        },
        "T1 Gumayusi#KR1": {
            "combat_effectiveness": 0.6597092175000521,
            "team_contribution": 0.4983329245767982,
            "resource_efficiency": 0.840172729753013,
            "vision_awareness": 0.7697609890813543,
            "consistency": 0.9312248766547015,
            "archetype_id": 3,
            "archetype_similarity": 0.9891084713494943,
            "archetype_name": "The Mechanical Specialist"
        },
        "xinsuixiaogou#6666": {
            "combat_effectiveness": 0.643980969606146,
            "team_contribution": 0.48395620700939995,
            "resource_efficiency": 0.7843246367202721,
            "vision_awareness": 0.7349639158390504,
            "consistency": 0.7625812651149823,
            "archetype_id": 4,
            "archetype_similarity": 0.9927598890358273,
            "archetype_name": "The Field General"
        },
        "Yeon#LCS": {
            "combat_effectiveness": 0.6678254114106239,
            "team_contribution": 0.5247584884763145,
            "resource_efficiency": 0.7875507530128941,
            "vision_awareness": 0.6720052621774141,
            "consistency": 0.8314148410064374,
            "archetype_id": 4,
            "archetype_similarity": 0.9954171202966654,
            "archetype_name": "The Field General"
        },
        "\uadc0\ucc2e\uac8c\ud558\uc9c0\ub9c8#KR3": {
            "combat_effectiveness": 0.6333329833101868,
            "team_contribution": 0.43440404083723216,
            "resource_efficiency": 0.8268915169765738,
            "vision_awareness": 0.7238605088770624,
            "consistency": 0.7783195513398625,
            "archetype_id": 4,
            "archetype_similarity": 0.9903028519602036,
            "archetype_name": "The Field General"
        }
    },
    "Jungle": {
        "Agurin#DND": {
            "combat_effectiveness": 0.6472653291291411,
            "team_contribution": 0.46324501422410774,
            "resource_efficiency": 0.8751030967466887,
            "vision_awareness": 0.789239004307035,
            "consistency": 0.9192227713102697,
            "archetype_id": 3,
            "archetype_similarity": 0.9872463071357106,
            "archetype_name": "The Mechanical Specialist"
        },
        "JUGKlNG#kr": {
            "combat_effectiveness": 0.618156047628354,
            "team_contribution": 0.5162002075021831,
            "resource_efficiency": 0.4778262130838398,
            "vision_awareness": 0.9411559594358556,
            "consistency": 0.755646519694346,
            "archetype_id": 0,
            "archetype_similarity": 0.9912993301405256,
            "archetype_name": "The Vision Sentinel"
        },
        "NattyNatt#RANK1": {
            "combat_effectiveness": 0.6672437498389355,
            "team_contribution": 0.42913506589772554,
            "resource_efficiency": 0.8839499449426924,
            "vision_awareness": 0.7689404838454071,
            "consistency": 0.9107840867220884,
            "archetype_id": 3,
            "archetype_similarity": 0.9881068260520017,
            "archetype_name": "The Mechanical Specialist"
        },
        "Peanut#kr11": {
            "combat_effectiveness": 0.5880949074704617,
            "team_contribution": 0.439433435822658,
            "resource_efficiency": 0.669791396447419,
            "vision_awareness": 0.7960538849783654,
            "consistency": 0.8166157228140305,
            "archetype_id": 4,
            "archetype_similarity": 0.9781490342180392,
            "archetype_name": "The Field General"
        },
        "\uc624 \ub108#111": {
            "combat_effectiveness": 0.6567936356824501,
            "team_contribution": 0.46382994387392934,
            "resource_efficiency": 0.7707532109053783,
            "vision_awareness": 0.8066389588358335,
            "consistency": 0.8648259064685797,
            "archetype_id": 4,
            "archetype_similarity": 0.9849828817670438,
            "archetype_name": "The Field General"
        },
        "\ud0c0 \uc794#KR1": {
            "combat_effectiveness": 0.6435389285496685,
            "team_contribution": 0.4371285339119732,
            "resource_efficiency": 0.7306746713727721,
            "vision_awareness": 0.8471622766303648,
            "consistency": 0.893910824943383,
            "archetype_id": 4,
            "archetype_similarity": 0.9770257677955763,
            "archetype_name": "The Field General"
        }
    },
    "Middle": {
        "always plan ahea#TLAPA": {
            "combat_effectiveness": 0.6173871423177535,
            "team_contribution": 0.44042001190920543,
            "resource_efficiency": 0.8323334338646038,
            "vision_awareness": 0.6571949955637291,
            "consistency": 0.7542302986228102,
            "archetype_id": 4,
            "archetype_similarity": 0.9930874034441497,
            "archetype_name": "The Field General"
        },
        "dlwldms#iuiu": {
            "combat_effectiveness": 0.6064708044341388,
            "team_contribution": 0.38152371884901515,
            "resource_efficiency": 0.8111716807481977,
            "vision_awareness": 0.7162800686777142,
            "consistency": 0.7478401457050309,
            "archetype_id": 4,
            "archetype_similarity": 0.9863902816223663,
            "archetype_name": "The Field General"
        },
        "G2 Caps#1323": {
            "combat_effectiveness": 0.5177850447094798,
            "team_contribution": 0.34281232639793563,
            "resource_efficiency": 0.7271825859129186,
            "vision_awareness": 0.5522701381574642,
            "consistency": 0.5793192588276861,
            "archetype_id": 4,
            "archetype_similarity": 0.9907291108600069,
            "archetype_name": "The Field General"
        },
        "Hide on bush#KR1": {
            "combat_effectiveness": 0.6087234783253263,
            "team_contribution": 0.4290414935489182,
            "resource_efficiency": 0.7525673394873084,
            "vision_awareness": 0.7523455630836788,
            "consistency": 0.7435203685504367,
            "archetype_id": 4,
            "archetype_similarity": 0.9873482822336869,
            "archetype_name": "The Field General"
        },
        "\uc544\uad6c\ubaac#0509": {
            "combat_effectiveness": 0.6503094954989037,
            "team_contribution": 0.45105756246638856,
            "resource_efficiency": 0.7815098263447973,
            "vision_awareness": 0.6905524150610788,
            "consistency": 0.8173997337469441,
            "archetype_id": 4,
            "archetype_similarity": 0.9917464008085022,
            "archetype_name": "The Field General"
        },
        "\ud5c8\uac70\ub369#0303": {
            "combat_effectiveness": 0.6017870605025936,
            "team_contribution": 0.4845088171518273,
            "resource_efficiency": 0.7748475645329713,
            "vision_awareness": 0.7794205750300068,
            "consistency": 0.8069562500246816,
            "archetype_id": 4,
            "archetype_similarity": 0.9872586183467065,